Абаза;Хакасия;Сибирский;17111
Абакан;Хакасия;Сибирский;165183
Абдулино;Оренбургская область;Приволжский;20663
Абинск;Краснодарский край;Южный;34926
Агидель;Башкортостан;Приволжский;16365
Агрыз;Татарстан;Приволжский;19299
Адыгейск;Адыгея;Южный;12689
Азнакаево;Татарстан;Приволжский;34859
Азов;Ростовская область;Южный;82882
Ак-Довурак;Тыва;Сибирский;13469
Аксай;Ростовская область;Южный;41984
Алагир;Северная Осетия - Алания;Северо-Кавказский;20949
Алапаевск;Свердловская область;Уральский;38198
Алатырь;Чувашия;Приволжский;38202
Алдан;Якутия;Дальневосточный;21277
Алейск;Алтайский край;Сибирский;28528
Александров;Владимирская область;Центральный;61544
Александровск;Пермский край;Приволжский;15022
Александровск-Сахалинский;Сахалинская область;Дальневосточный;10613
Алексеевка;Белгородская область;Центральный;39026
Алексин;Тульская область;Центральный;61738
Алзамай;Иркутская область;Сибирский;6751
Алупка;Крым;Южный;7771
Алушта;Крым;Южный;29078
Альметьевск;Татарстан;Приволжский;146309
Амурск;Хабаровский край;Дальневосточный;42977
Анадырь;Чукотский АО;Дальневосточный;13053
Анапа;Краснодарский край;Южный;58983
Ангарск;Иркутская область;Сибирский;233765
Андреаполь;Тверская область;Центральный;8265
Анжеро-Судженск;Кемеровская область;Сибирский;76669
Анива;Сахалинская область;Дальневосточный;8449
Апатиты;Мурманская область;Северо-Западный;59690
Апрелевка;Московская область;Центральный;18467
Апшеронск;Краснодарский край;Южный;40229
Арамиль;Свердловская область;Уральский;14227
Аргун;Чечня;Северо-Кавказский;29528
Ардатов;Мордовия;Приволжский;9400
Ардон;Северная Осетия - Алания;Северо-Кавказский;18774
Арзамас;Нижегородская область;Приволжский;106367
Аркадак;Саратовская область;Приволжский;12846
Армавир;Краснодарский край;Южный;188897
Армянск;Крым;Южный;21987
Арсеньев;Приморский край;Дальневосточный;56742
Арск;Татарстан;Приволжский;18114
Артём;Приморский край;Дальневосточный;102636
Артёмовск;Красноярский край;Сибирский;2180
Артёмовский;Свердловская область;Уральский;32878
Архангельск;Архангельская область;Северо-Западный;348716
Асбест;Свердловская область;Уральский;70067
Асино;Томская область;Сибирский;25614
Астрахань;Астраханская область;Южный;520662
Аткарск;Саратовская область;Приволжский;25620
Ахтубинск;Астраханская область;Южный;41898
Ачинск;Красноярский край;Сибирский;109156
Аша;Челябинская область;Уральский;31916
Бабаево;Вологодская область;Северо-Западный;12074
Бабушкин;Бурятия;Сибирский;4542
Бавлы;Татарстан;Приволжский;22109
Багратионовск;Калининградская область;Северо-Западный;6399
Байкальск;Иркутская область;Сибирский;13589
Баймак;Башкортостан;Приволжский;17710
Бакал;Челябинская область;Уральский;20953
Баксан;Кабардино-Балкария;Северо-Кавказский;36857
Балабаново;Калужская область;Центральный;26337
Балаково;Саратовская область;Приволжский;199576
Балахна;Нижегородская область;Приволжский;51526
Балашиха;Московская область;Центральный;215353
Балашов;Саратовская область;Приволжский;82222
Балей;Забайкальский край;Сибирский;12536
Балтийск;Калининградская область;Северо-Западный;32670
Барабинск;Новосибирская область;Сибирский;30250
Барнаул;Алтайский край;Сибирский;635585
Барыш;Ульяновская область;Приволжский;17149
Батайск;Ростовская область;Южный;112400
Бахчисарай;Крым;Южный;27448
Бежецк;Тверская область;Центральный;24517
Белая Калитва;Ростовская область;Южный;43688
Белая Холуница;Кировская область;Приволжский;11232
Белгород;Белгородская область;Центральный;356426
Белебей;Башкортостан;Приволжский;60183
Белёв;Тульская область;Центральный;13918
Белинский;Пензенская область;Приволжский;8567
Белово;Кемеровская область;Сибирский;76752
Белогорск;Амурская область;Дальневосточный;68220
Белогорск;Крым;Южный;16354
Белозерск;Вологодская область;Северо-Западный;9614
Белокуриха;Алтайский край;Сибирский;15072
Беломорск;Карелия;Северо-Западный;11217
Белоозёрский;Московская область;Центральный;17842
Белорецк;Башкортостан;Приволжский;68804
Белореченск;Краснодарский край;Южный;53891
Белоусово;Калужская область;Центральный;8432
Белоярский;Ханты-Мансийский АО - Югра;Уральский;20283
Белый;Тверская область;Центральный;3771
Бердск;Новосибирская область;Сибирский;98809
Березники;Пермский край;Приволжский;156350
Берёзовский;Кемеровская область;Сибирский;47292
Берёзовский;Свердловская область;Уральский;51583
Беслан;Северная Осетия - Алания;Северо-Кавказский;36724
Бийск;Алтайский край;Сибирский;203826
Бикин;Хабаровский край;Дальневосточный;17156
Билибино;Чукотский АО;Дальневосточный;5504
Биробиджан;Еврейская АО;Дальневосточный;75419
Бирск;Башкортостан;Приволжский;41637
Бирюсинск;Иркутская область;Сибирский;8981
Бирюч;Белгородская область;Центральный;7842
Благовещенск;Башкортостан;Приволжский;34246
Благовещенск;Амурская область;Дальневосточный;214397
Благодарный;Ставропольский край;Северо-Кавказский;32736
Бобров;Воронежская область;Центральный;19738
Богданович;Свердловская область;Уральский;31752
Богородицк;Тульская область;Центральный;31897
Богородск;Нижегородская область;Приволжский;25497
Боготол;Красноярский край;Сибирский;21029
Богучар;Воронежская область;Центральный;11811
Бодайбо;Иркутская область;Сибирский;15331
Бокситогорск;Ленинградская область;Северо-Западный;16593
Болгар;Татарстан;Приволжский;8650
Бологое;Тверская область;Центральный;23499
Болотное;Новосибирская область;Сибирский;16969
Болохово;Тульская область;Центральный;9619
Болхов;Орловская область;Центральный;11421
Большой Камень;Приморский край;Дальневосточный;39257
Бор;Нижегородская область;Приволжский;78079
Борзя;Забайкальский край;Сибирский;31376
Борисоглебск;Воронежская область;Центральный;65585
Боровичи;Новгородская бласть;Северо-Западный;54731
Боровск;Калужская область;Центральный;12283
Бородино;Красноярский край;Сибирский;17423
Братск;Иркутская область;Сибирский;246348
Бронницы;Московская область;Центральный;21102
Брянск;Брянская область;Центральный;415640
Бугульма;Татарстан;Приволжский;89144
Бугуруслан;Оренбургская область;Приволжский;52249
Будённовск;Ставропольский край;Северо-Кавказский;64628
Бузулук;Оренбургская область;Приволжский;82816
Буинск;Татарстан;Приволжский;20342
Буй;Костромская область;Центральный;25763
Буйнакск;Дагестан;Северо-Кавказский;65735
Бутурлиновка;Воронежская область;Центральный;27208
Валдай;Новгородская бласть;Северо-Западный;16099
Валуйки;Белгородская область;Центральный;35322
Велиж;Смоленская область;Центральный;7620
Великие Луки;Псковская область;Северо-Западный;98778
Великий Новгород;Новгородская бласть;Северо-Западный;218724
Великий Устюг;Вологодская область;Северо-Западный;31664
Вельск;Архангельская область;Северо-Западный;23885
Венёв;Тульская область;Центральный;15220
Верещагино;Пермский край;Приволжский;22760
Верея;Московская область;Центральный;5368
Верхнеуральск;Челябинская область;Уральский;9459
Верхний Тагил;Свердловская область;Уральский;11843
Верхний Уфалей;Челябинская область;Уральский;30504
Верхняя Пышма;Свердловская область;Уральский;58707
Верхняя Салда;Свердловская область;Уральский;46240
Верхняя Тура;Свердловская область;Уральский;9468
Верхотурье;Свердловская область;Уральский;8815
Верхоянск;Якутия;Дальневосточный;1311
Весьегонск;Тверская область;Центральный;7330
Ветлуга;Нижегородская область;Приволжский;8956
Видное;Московская область;Центральный;56798
Вилюйск;Якутия;Дальневосточный;10233
Вилючинск;Камчатский край;Дальневосточный;22905
Вихоревка;Иркутская область;Сибирский;22528
Вичуга;Ивановская область;Центральный;37609
Владивосток;Приморский край;Дальневосточный;592069
Владикавказ;Северная Осетия - Алания;Северо-Кавказский;311635
Владимир;Владимирская область;Центральный;348256
Волгоград;Волгоградская область;Южный;1021244
Волгодонск;Ростовская область;Южный;170621
Волгореченск;Костромская область;Центральный;17108
Волжск;Марий Эл;Приволжский;55671
Волжский;Волгоградская область;Южный;314436
Вологда;Вологодская область;Северо-Западный;301642
Володарск;Нижегородская область;Приволжский;9924
Волоколамск;Московская область;Центральный;23386
Волосово;Ленинградская область;Северо-Западный;12162
Волхов;Ленинградская область;Северо-Западный;47344
Волчанск;Свердловская область;Уральский;10008
Вольск;Саратовская область;Приволжский;66520
Воркута;Коми;Северо-Западный;70551
Воронеж;Воронежская область;Центральный;889680
Ворсма;Нижегородская область;Приволжский;11622
Воскресенск;Московская область;Центральный;91301
Воткинск;Удмуртия;Приволжский;100034
Всеволожск;Ленинградская область;Северо-Западный;59689
Вуктыл;Коми;Северо-Западный;12357
Выборг;Ленинградская область;Северо-Западный;80013
Выкса;Нижегородская область;Приволжский;56196
Высоковск;Московская область;Центральный;10642
Высоцк;Ленинградская область;Северо-Западный;1244
Вытегра;Вологодская область;Северо-Западный;10490
Вышний Волочёк;Тверская область;Центральный;52326
Вяземский;Хабаровский край;Дальневосточный;14556
Вязники;Владимирская область;Центральный;41252
Вязьма;Смоленская область;Центральный;57103
Вятские Поляны;Кировская область;Приволжский;35159
Гаврилов Посад;Ивановская область;Центральный;6434
Гаврилов-Ям;Ярославская область;Центральный;17792
Гагарин;Смоленская область;Центральный;31721
Гаджиево;Мурманская область;Северо-Западный;11089
Гай;Оренбургская область;Приволжский;38302
Галич;Костромская область;Центральный;17346
Гатчина;Ленинградская область;Северо-Западный;92566
Гвардейск;Калининградская область;Северо-Западный;13888
Гдов;Псковская область;Северо-Западный;4379
Геленджик;Краснодарский край;Южный;54813
Георгиевск;Ставропольский край;Северо-Кавказский;72126
Глазов;Удмуртия;Приволжский;95835
Голицыно;Московская область;Центральный;17447
Горбатов;Нижегородская область;Приволжский;2278
Горно-Алтайск;Алтай;Сибирский;62861
Горнозаводск;Пермский край;Приволжский;12334
Горняк;Алтайский край;Сибирский;13040
Городец;Нижегородская область;Приволжский;30699
Городище;Пензенская область;Приволжский;8102
Городовиковск;Калмыкия;Южный;9565
Гороховец;Владимирская область;Центральный;14015
Горячий Ключ;Краснодарский край;Южный;30093
Грайворон;Белгородская область;Центральный;6234
Гремячинск;Пермский край;Приволжский;11005
Грозный;Чечня;Северо-Кавказский;271596
Грязи;Липецкая область;Центральный;46798
Грязовец;Вологодская область;Северо-Западный;15528
Губаха;Пермский край;Приволжский;27544
Губкин;Белгородская область;Центральный;88562
Губкинский;Ямало-Ненецкий АО;Уральский;23340
Гудермес;Чечня;Северо-Кавказский;45643
Гуково;Ростовская область;Южный;67268
Гулькевичи;Краснодарский край;Южный;35225
Гурьевск;Калининградская область;Северо-Западный;12433
Гурьевск;Кемеровская область;Сибирский;24816
Гусев;Калининградская область;Северо-Западный;28260
Гусиноозёрск;Бурятия;Сибирский;23280
Гусь-Хрустальный;Владимирская область;Центральный;60773
Давлеканово;Башкортостан;Приволжский;24040
Дагестанские Огни;Дагестан;Северо-Кавказский;30671
Далматово;Курганская область;Уральский;13913
Дальнегорск;Приморский край;Дальневосточный;37503
Дальнереченск;Приморский край;Дальневосточный;27601
Данилов;Ярославская область;Центральный;15861
Данков;Липецкая область;Центральный;21056
Дегтярск;Свердловская область;Уральский;15521
Дедовск;Московская область;Центральный;29280
Демидов;Смоленская область;Центральный;7333
Дербент;Дагестан;Северо-Кавказский;119961
Десногорск;Смоленская область;Центральный;29677
Дзержинск;Нижегородская область;Приволжский;240762
Дзержинский;Московская область;Центральный;47125
Дивногорск;Красноярский край;Сибирский;28271
Дигора;Северная Осетия - Алания;Северо-Кавказский;10856
Димитровград;Ульяновская область;Приволжский;122549
Дмитриев;Курская область;Центральный;7721
Дмитров;Московская область;Центральный;61454
Дмитровск;Орловская область;Центральный;5956
Дно;Псковская область;Северо-Западный;9061
Добрянка;Пермский край;Приволжский;35720
Долгопрудный;Московская область;Центральный;90976
Долинск;Сахалинская область;Дальневосточный;12200
Домодедово;Московская область;Центральный;96123
Донецк;Ростовская область;Южный;50085
Донской;Тульская область;Центральный;64561
Дорогобуж;Смоленская область;Центральный;10720
Дрезна;Московская область;Центральный;11815
Дубна;Московская область;Центральный;70569
Дубовка;Волгоградская область;Южный;14345
Дудинка;Красноярский край;Сибирский;22207
Духовщина;Смоленская область;Центральный;4370
Дюртюли;Башкортостан;Приволжский;31272
Дятьково;Брянская область;Центральный;29438
Евпатория;Крым;Южный;105719
Егорьевск;Московская область;Центральный;70133
Ейск;Краснодарский край;Южный;87771
Екатеринбург;Свердловская область;Уральский;1377738
Елабуга;Татарстан;Приволжский;70750
Елец;Липецкая область;Центральный;108404
Елизово;Камчатский край;Дальневосточный;39548
Ельня;Смоленская область;Центральный;10095
Еманжелинск;Челябинская область;Уральский;30218
Емва;Коми;Северо-Западный;14574
Енисейск;Красноярский край;Сибирский;18769
Ермолино;Калужская область;Центральный;10409
Ершов;Саратовская область;Приволжский;21447
Ессентуки;Ставропольский край;Северо-Кавказский;100969
Ефремов;Тульская область;Центральный;42350
Железноводск;Ставропольский край;Северо-Кавказский;24496
Железногорск;Красноярский край;Сибирский;85559
Железногорск;Курская область;Центральный;95057
Железногорск-Илимский;Иркутская область;Сибирский;26134
Жердевка;Тамбовская область;Центральный;15211
Жигулёвск;Самарская область;Приволжский;57565
Жиздра;Калужская область;Центральный;5585
Жирновск;Волгоградская область;Южный;16890
Жуков;Калужская область;Центральный;12150
Жуковка;Брянская область;Центральный;18269
Жуковский;Московская область;Центральный;102729
Завитинск;Амурская область;Дальневосточный;11481
Заводоуковск;Тюменская область;Уральский;25657
Заволжск;Ивановская область;Центральный;12045
Заволжье;Нижегородская область;Приволжский;40265
Задонск;Липецкая область;Центральный;9695
Заинск;Татарстан;Приволжский;41798
Закаменск;Бурятия;Сибирский;11249
Заозёрный;Красноярский край;Сибирский;10683
Заозёрск;Мурманская область;Северо-Западный;11206
Западная Двина;Тверская область;Центральный;9376
Заполярный;Мурманская область;Северо-Западный;15835
Зарайск;Московская область;Центральный;24648
Заречный;Пензенская область;Приволжский;63579
Заречный;Свердловская область;Уральский;26803
Заринск;Алтайский край;Сибирский;47035
Звенигово;Марий Эл;Приволжский;11945
Звенигород;Московская область;Центральный;16395
Зверево;Ростовская область;Южный;22416
Зеленогорск;Красноярский край;Сибирский;66018
Зеленоградск;Калининградская область;Северо-Западный;13015
Зеленодольск;Татарстан;Приволжский;97651
Зеленокумск;Ставропольский край;Северо-Кавказский;35790
Зерноград;Ростовская область;Южный;26850
Зея;Амурская область;Дальневосточный;25042
Зима;Иркутская область;Сибирский;32522
Златоуст;Челябинская область;Уральский;174985
Злынка;Брянская область;Центральный;5507
Змеиногорск;Алтайский край;Сибирский;10569
Знаменск;Астраханская область;Южный;29357
Зубцов;Тверская область;Центральный;6937
Зуевка;Кировская область;Приволжский;11198
Ивангород;Ленинградская область;Северо-Западный;9797
Иваново;Ивановская область;Центральный;409277
Ивантеевка;Московская область;Центральный;58594
Ивдель;Свердловская область;Уральский;17764
Игарка;Красноярский край;Сибирский;6183
Ижевск;Удмуртия;Приволжский;628117
Избербаш;Дагестан;Северо-Кавказский;56301
Изобильный;Ставропольский край;Северо-Кавказский;40546
Иланский;Красноярский край;Сибирский;16108
Инза;Ульяновская область;Приволжский;18547
Иннополис;Татарстан;Приволжский;405
Инсар;Мордовия;Приволжский;8687
Инта;Коми;Северо-Западный;32021
Ипатово;Ставропольский край;Северо-Кавказский;26055
Ирбит;Свердловская область;Уральский;38352
Иркутск;Иркутская область;Сибирский;587225
Исилькуль;Омская область;Сибирский;25905
Искитим;Новосибирская область;Сибирский;60072
Истра;Московская область;Центральный;35106
Ишим;Тюменская область;Уральский;69567
Ишимбай;Башкортостан;Приволжский;66259
Йошкар-Ола;Марий Эл;Приволжский;248688
Кадников;Вологодская область;Северо-Западный;4797
Казань;Татарстан;Приволжский;1216965
Калач;Воронежская область;Центральный;20046
Калач-на-Дону;Волгоградская область;Южный;26892
Калачинск;Омская область;Сибирский;24000
Калининград;Калининградская область;Северо-Западный;431491
Калининск;Саратовская область;Приволжский;16442
Калтан;Кемеровская область;Сибирский;21893
Калуга;Калужская область;Центральный;325185
Калязин;Тверская область;Центральный;13870
Камбарка;Удмуртия;Приволжский;11028
Каменка;Пензенская область;Приволжский;39579
Каменногорск;Ленинградская область;Северо-Западный;6761
Каменск-Уральский;Свердловская область;Уральский;174710
Каменск-Шахтинский;Ростовская область;Южный;95306
Камень-на-Оби;Алтайский край;Сибирский;41787
Камешково;Владимирская область;Центральный;13113
Камызяк;Астраханская область;Южный;16291
Камышин;Волгоградская область;Южный;119924
Камышлов;Свердловская область;Уральский;26875
Канаш;Чувашия;Приволжский;45608
Кандалакша;Мурманская область;Северо-Западный;35659
Канск;Красноярский край;Сибирский;94230
Карабаново;Владимирская область;Центральный;14868
Карабаш;Челябинская область;Уральский;13151
Карабулак;Ингушетия;Северо-Кавказский;31081
Карасук;Новосибирская область;Сибирский;28929
Карачаевск;Карачаево-Черкесия;Северо-Кавказский;23848
Карачев;Брянская область;Центральный;19715
Каргат;Новосибирская область;Сибирский;10620
Каргополь;Архангельская область;Северо-Западный;10148
Карпинск;Свердловская область;Уральский;29118
Карталы;Челябинская область;Уральский;29136
Касимов;Рязанская область;Центральный;33494
Касли;Челябинская область;Уральский;16998
Каспийск;Дагестан;Северо-Кавказский;103914
Катав-Ивановск;Челябинская область;Уральский;17640
Катайск;Курганская область;Уральский;14017
Качканар;Свердловская область;Уральский;42563
Кашин;Тверская область;Центральный;16174
Кашира;Московская область;Центральный;41880
Кедровый;Томская область;Сибирский;2451
Кемерово;Кемеровская область;Сибирский;532884
Кемь;Карелия;Северо-Западный;13061
Керчь;Крым;Южный;147033
Кизел;Пермский край;Приволжский;20277
Кизилюрт;Дагестан;Северо-Кавказский;36187
Кизляр;Дагестан;Северо-Кавказский;49169
Кимовск;Тульская область;Центральный;28493
Кимры;Тверская область;Центральный;49623
Кингисепп;Ленинградская область;Северо-Западный;48667
Кинель;Самарская область;Приволжский;34472
Кинешма;Ивановская область;Центральный;88113
Киреевск;Тульская область;Центральный;25585
Киренск;Иркутская область;Сибирский;12652
Киржач;Владимирская область;Центральный;30044
Кириллов;Вологодская область;Северо-Западный;7735
Кириши;Ленинградская область;Северо-Западный;52826
Киров;Калужская область;Центральный;31888
Киров;Кировская область;Приволжский;473668
Кировград;Свердловская область;Уральский;21959
Кирово-Чепецк;Кировская область;Приволжский;80920
Кировск;Ленинградская область;Северо-Западный;25633
Кировск;Мурманская область;Северо-Западный;28659
Кирс;Кировская область;Приволжский;10420
Кирсанов;Тамбовская область;Центральный;17240
Киселёвск;Кемеровская область;Сибирский;98382
Кисловодск;Ставропольский край;Северо-Кавказский;128502
Клин;Московская область;Центральный;80584
Клинцы;Брянская область;Центральный;62510
Княгинино;Нижегородская область;Приволжский;6708
Ковдор;Мурманская область;Северо-Западный;18836
Ковров;Владимирская область;Центральный;145492
Ковылкино;Мордовия;Приволжский;21307
Когалым;Ханты-Мансийский АО - Югра;Уральский;58192
Кодинск;Красноярский край;Сибирский;14835
Козельск;Калужская область;Центральный;18203
Козловка;Чувашия;Приволжский;10355
Козьмодемьянск;Марий Эл;Приволжский;21262
Кола;Мурманская область;Северо-Западный;10447
Кологрив;Костромская область;Центральный;3314
Коломна;Московская область;Центральный;144642
Колпашево;Томская область;Сибирский;24126
Кольчугино;Владимирская область;Центральный;45804
Коммунар;Ленинградская область;Северо-Западный;20265
Комсомольск;Ивановская область;Центральный;8693
Комсомольск-на-Амуре;Хабаровский край;Дальневосточный;263906
Конаково;Тверская область;Центральный;41303
Кондопога;Карелия;Северо-Западный;32978
Кондрово;Калужская область;Центральный;16672
Константиновск;Ростовская область;Южный;17926
Копейск;Челябинская область;Уральский;137604
Кораблино;Рязанская область;Центральный;12657
Кореновск;Краснодарский край;Южный;41179
Коркино;Челябинская область;Уральский;38950
Королёв;Московская область;Центральный;225
Короча;Белгородская область;Центральный;5877
Корсаков;Сахалинская область;Дальневосточный;33526
Коряжма;Архангельская область;Северо-Западный;39629
Костерёво;Владимирская область;Центральный;9136
Костомукша;Карелия;Северо-Западный;28433
Кострома;Костромская область;Центральный;268617
Котельники;Московская область;Центральный;32347
Котельниково;Волгоградская область;Южный;20441
Котельнич;Кировская область;Приволжский;24979
Котлас;Архангельская область;Северо-Западный;60562
Котово;Волгоградская область;Южный;24104
Котовск;Тамбовская область;Центральный;31851
Кохма;Ивановская область;Центральный;29408
Красавино;Вологодская область;Северо-Западный;7003
Красноармейск;Московская область;Центральный;26294
Красноармейск;Саратовская область;Приволжский;24362
Красновишерск;Пермский край;Приволжский;17129
Красногорск;Московская область;Центральный;116738
Краснодар;Краснодарский край;Южный;744933
Краснозаводск;Московская область;Центральный;13432
Краснознаменск;Калининградская область;Северо-Западный;3522
Краснознаменск;Московская область;Центральный;36057
Краснокаменск;Забайкальский край;Сибирский;55668
Краснокамск;Пермский край;Приволжский;52632
Красноперекопск;Крым;Южный;26268
Краснослободск;Волгоградская область;Южный;16007
Краснослободск;Мордовия;Приволжский;10151
Краснотурьинск;Свердловская область;Уральский;59701
Красноуральск;Свердловская область;Уральский;24973
Красноуфимск;Свердловская область;Уральский;39765
Красноярск;Красноярский край;Сибирский;973826
Красный Кут;Саратовская область;Приволжский;14420
Красный Сулин;Ростовская область;Южный;40866
Красный Холм;Тверская область;Центральный;5608
Кремёнки;Калужская область;Центральный;11617
Кропоткин;Краснодарский край;Южный;80743
Крымск;Краснодарский край;Южный;57370
Кстово;Нижегородская область;Приволжский;66641
Кубинка;Московская область;Центральный;22918
Кувандык;Оренбургская область;Приволжский;26176
Кувшиново;Тверская область;Центральный;10008
Кудрово;Ленинградская область;Северо-Западный;13501
Кудымкар;Пермский край;Приволжский;30711
Кузнецк;Пензенская область;Приволжский;88886
Куйбышев;Новосибирская область;Сибирский;47278
Кукмор;Татарстан;Приволжский;17700
Кулебаки;Нижегородская область;Приволжский;35762
Кумертау;Башкортостан;Приволжский;62854
Кунгур;Пермский край;Приволжский;67857
Купино;Новосибирская область;Сибирский;15448
Курган;Курганская область;Уральский;333640
Курганинск;Краснодарский край;Южный;47974
Курильск;Сахалинская область;Дальневосточный;2070
Курлово;Владимирская область;Центральный;6791
Куровское;Московская область;Центральный;21821
Курск;Курская область;Центральный;414595
Куртамыш;Курганская область;Уральский;17098
Курчалой;Чечня;Северо-Кавказский;25672
Курчатов;Курская область;Центральный;42691
Куса;Челябинская область;Уральский;18792
Кушва;Свердловская область;Уральский;33027
Кызыл;Тыва;Сибирский;109906
Кыштым;Челябинская область;Уральский;38950
Кяхта;Бурятия;Сибирский;20013
Лабинск;Краснодарский край;Южный;62822
Лабытнанги;Ямало-Ненецкий АО;Уральский;26948
Лагань;Калмыкия;Южный;14323
Ладушкин;Калининградская область;Северо-Западный;3788
Лаишево;Татарстан;Приволжский;7735
Лакинск;Владимирская область;Центральный;15707
Лангепас;Ханты-Мансийский АО - Югра;Уральский;41675
Лахденпохья;Карелия;Северо-Западный;7818
Лебедянь;Липецкая область;Центральный;20991
Лениногорск;Татарстан;Приволжский;64145
Ленинск;Волгоградская область;Южный;15527
Ленинск-Кузнецкий;Кемеровская область;Сибирский;101666
Ленск;Якутия;Дальневосточный;24955
Лермонтов;Ставропольский край;Северо-Кавказский;22540
Лесной;Свердловская область;Уральский;52464
Лесозаводск;Приморский край;Дальневосточный;36975
Лесосибирск;Красноярский край;Сибирский;61146
Ливны;Орловская область;Центральный;50430
Ликино-Дулёво;Московская область;Центральный;31331
Липецк;Липецкая область;Центральный;508124
Липки;Тульская область;Центральный;8741
Лиски;Воронежская область;Центральный;55864
Лихославль;Тверская область;Центральный;12259
Лобня;Московская область;Центральный;74350
Лодейное Поле;Ленинградская область;Северо-Западный;21053
Лосино-Петровский;Московская область;Центральный;22550
Луга;Ленинградская область;Северо-Западный;36409
Луза;Кировская область;Приволжский;11262
Лукоянов;Нижегородская область;Приволжский;14949
Луховицы;Московская область;Центральный;29849
Лысково;Нижегородская область;Приволжский;21882
Лысьва;Пермский край;Приволжский;67712
Лыткарино;Московская область;Центральный;55147
Льгов;Курская область;Центральный;21452
Любань;Ленинградская область;Северо-Западный;4188
Люберцы;Московская область;Центральный;171978
Любим;Ярославская область;Центральный;5553
Людиново;Калужская область;Центральный;40550
Лянтор;Ханты-Мансийский АО - Югра;Уральский;38922
Магадан;Магаданская область;Дальневосточный;95925
Магас;Ингушетия;Северо-Кавказский;2505
Магнитогорск;Челябинская область;Уральский;408401
Майкоп;Адыгея;Южный;144055
Майский;Кабардино-Балкария;Северо-Кавказский;26755
Макаров;Сахалинская область;Дальневосточный;6788
Макарьев;Костромская область;Центральный;7114
Макушино;Курганская область;Уральский;8337
Малая Вишера;Новгородская бласть;Северо-Западный;12461
Малгобек;Ингушетия;Северо-Кавказский;31076
Малмыж;Кировская область;Приволжский;8265
Малоархангельск;Орловская область;Центральный;3872
Малоярославец;Калужская область;Центральный;30401
Мамадыш;Татарстан;Приволжский;14432
Мамоново;Калининградская область;Северо-Западный;7757
Мантурово;Костромская область;Центральный;17479
Мариинск;Кемеровская область;Сибирский;40522
Мариинский Посад;Чувашия;Приволжский;10186
Маркс;Саратовская область;Приволжский;31535
Махачкала;Дагестан;Северо-Кавказский;577990
Мглин;Брянская область;Центральный;7916
Мегион;Ханты-Мансийский АО - Югра;Уральский;49471
Медвежьегорск;Карелия;Северо-Западный;15536
Медногорск;Оренбургская область;Приволжский;27253
Медынь;Калужская область;Центральный;8298
Межгорье;Башкортостан;Приволжский;17353
Междуреченск;Кемеровская область;Сибирский;101995
Мезень;Архангельская область;Северо-Западный;3599
Меленки;Владимирская область;Центральный;15208
Мелеуз;Башкортостан;Приволжский;61408
Менделеевск;Татарстан;Приволжский;22075
Мензелинск;Татарстан;Приволжский;16474
Мещовск;Калужская область;Центральный;4101
Миасс;Челябинская область;Уральский;151812
Микунь;Коми;Северо-Западный;10732
Миллерово;Ростовская область;Южный;36493
Минеральные Воды;Ставропольский край;Северо-Кавказский;76715
Минусинск;Красноярский край;Сибирский;71171
Миньяр;Челябинская область;Уральский;10195
Мирный;Якутия;Дальневосточный;37179
Мирный;Архангельская область;Северо-Западный;30259
Михайлов;Рязанская область;Центральный;11783
Михайловка;Волгоградская область;Южный;59153
Михайловск;Свердловская область;Уральский;9215
Михайловск;Ставропольский край;Северо-Кавказский;71018
Мичуринск;Тамбовская область;Центральный;98758
Могоча;Забайкальский край;Сибирский;13228
Можайск;Московская область;Центральный;31388
Можга;Удмуртия;Приволжский;47959
Моздок;Северная Осетия - Алания;Северо-Кавказский;38748
Мончегорск;Мурманская область;Северо-Западный;45381
Морозовск;Ростовская область;Южный;27644
Моршанск;Тамбовская область;Центральный;41550
Мосальск;Калужская область;Центральный;4285
Москва;Москва;Центральный;11514330
Муравленко;Ямало-Ненецкий АО;Уральский;33401
Мураши;Кировская область;Приволжский;6752
Мурино;Ленинградская область;Северо-Западный;19775
Мурманск;Мурманская область;Северо-Западный;307664
Муром;Владимирская область;Центральный;116078
Мценск;Орловская область;Центральный;43216
Мыски;Кемеровская область;Сибирский;43029
Мытищи;Московская область;Центральный;173341
Мышкин;Ярославская область;Центральный;5932
Набережные Челны;Татарстан;Приволжский;513242
Навашино;Нижегородская область;Приволжский;16413
Наволоки;Ивановская область;Центральный;10207
Надым;Ямало-Ненецкий АО;Уральский;46550
Назарово;Красноярский край;Сибирский;52829
Назрань;Ингушетия;Северо-Кавказский;93357
Называевск;Омская область;Сибирский;12119
Нальчик;Кабардино-Балкария;Северо-Кавказский;240095
Нариманов;Астраханская область;Южный;11386
Наро-Фоминск;Московская область;Центральный;64640
Нарткала;Кабардино-Балкария;Северо-Кавказский;31679
Нарьян-Мар;Ненецкий АО;Северо-Западный;21296
Находка;Приморский край;Дальневосточный;159695
Невель;Псковская область;Северо-Западный;16324
Невельск;Сахалинская область;Дальневосточный;11682
Невинномысск;Ставропольский край;Северо-Кавказский;118351
Невьянск;Свердловская область;Уральский;25147
Нелидово;Тверская область;Центральный;22886
Неман;Калининградская область;Северо-Западный;11794
Нерехта;Костромская область;Центральный;22817
Нерчинск;Забайкальский край;Сибирский;14976
Нерюнгри;Якутия;Дальневосточный;61746
Нестеров;Калининградская область;Северо-Западный;4584
Нефтегорск;Самарская область;Приволжский;18732
Нефтекамск;Башкортостан;Приволжский;121757
Нефтекумск;Ставропольский край;Северо-Кавказский;27700
Нефтеюганск;Ханты-Мансийский АО - Югра;Уральский;123276
Нея;Костромская область;Центральный;9827
Нижневартовск;Ханты-Мансийский АО - Югра;Уральский;251860
Нижнекамск;Татарстан;Приволжский;234108
Нижнеудинск;Иркутская область;Сибирский;37056
Нижние Серги;Свердловская область;Уральский;11217
Нижний Ломов;Пензенская область;Приволжский;22678
Нижний Новгород;Нижегородская область;Приволжский;1250615
Нижний Тагил;Свердловская область;Уральский;361883
Нижняя Салда;Свердловская область;Уральский;17969
Нижняя Тура;Свердловская область;Уральский;21596
Николаевск;Волгоградская область;Южный;15081
Николаевск-на-Амуре;Хабаровский край;Дальневосточный;22773
Никольск;Вологодская область;Северо-Западный;8515
Никольск;Пензенская область;Приволжский;22471
Никольское;Ленинградская область;Северо-Западный;19345
Новая Ладога;Ленинградская область;Северо-Западный;8890
Новая Ляля;Свердловская область;Уральский;12400
Новоалександровск;Ставропольский край;Северо-Кавказский;26759
Новоалтайск;Алтайский край;Сибирский;73134
Новоаннинский;Волгоградская область;Южный;17911
Нововоронеж;Воронежская область;Центральный;32635
Новодвинск;Архангельская область;Северо-Западный;40612
Новозыбков;Брянская область;Центральный;40552
Новокубанск;Краснодарский край;Южный;34847
Новокузнецк;Кемеровская область;Сибирский;547885
Новокуйбышевск;Самарская область;Приволжский;108449
Новомичуринск;Рязанская область;Центральный;19309
Новомосковск;Тульская область;Центральный;131227
Новопавловск;Ставропольский край;Северо-Кавказский;26556
Новоржев;Псковская область;Северо-Западный;3695
Новороссийск;Краснодарский край;Южный;241788
Новосибирск;Новосибирская область;Сибирский;1498921
Новосиль;Орловская область;Центральный;3799
Новосокольники;Псковская область;Северо-Западный;8119
Новотроицк;Оренбургская область;Приволжский;97914
Новоузенск;Саратовская область;Приволжский;17015
Новоульяновск;Ульяновская область;Приволжский;16032
Новоуральск;Свердловская область;Уральский;91813
Новохопёрск;Воронежская область;Центральный;6849
Новочебоксарск;Чувашия;Приволжский;124094
Новошахтинск;Ростовская область;Южный;111087
Новый Оскол;Белгородская область;Центральный;19530
Новый Уренгой;Ямало-Ненецкий АО;Уральский;104144
Ногинск;Московская область;Центральный;99762
Нолинск;Кировская область;Приволжский;9556
Норильск;Красноярский край;Сибирский;175301
Ноябрьск;Ямало-Ненецкий АО;Уральский;110572
Нурлат;Татарстан;Приволжский;32600
Нытва;Пермский край;Приволжский;19041
Нюрба;Якутия;Дальневосточный;10156
Нягань;Ханты-Мансийский АО - Югра;Уральский;54903
Нязепетровск;Челябинская область;Уральский;12452
Няндома;Архангельская область;Северо-Западный;22354
Облучье;Еврейская АО;Дальневосточный;9379
Обнинск;Калужская область;Центральный;104798
Обоянь;Курская область;Центральный;13562
Обь;Новосибирская область;Сибирский;26137
Одинцово;Московская область;Центральный;139021
Озёрск;Калининградская область;Северо-Западный;4740
Озёрск;Челябинская область;Уральский;82268
Озёры;Московская область;Центральный;25788
Октябрьск;Самарская область;Приволжский;27244
Октябрьский;Башкортостан;Приволжский;109379
Окуловка;Новгородская бласть;Северо-Западный;12464
Олёкминск;Якутия;Дальневосточный;9487
Оленегорск;Мурманская область;Северо-Западный;23079
Олонец;Карелия;Северо-Западный;9060
Омск;Омская область;Сибирский;1154000
Омутнинск;Кировская область;Приволжский;23618
Онега;Архангельская область;Северо-Западный;21359
Опочка;Псковская область;Северо-Западный;11601
Орёл;Орловская область;Центральный;317854
Оренбург;Оренбургская область;Приволжский;570329
Орехово-Зуево;Московская область;Центральный;120620
Орлов;Кировская область;Приволжский;6959
Орск;Оренбургская область;Приволжский;238006
Оса;Пермский край;Приволжский;22420
Осинники;Кемеровская область;Сибирский;45997
Осташков;Тверская область;Центральный;18073
Остров;Псковская область;Северо-Западный;21670
Островной;Мурманская область;Северо-Западный;2177
Острогожск;Воронежская область;Центральный;33842
Отрадное;Ленинградская область;Северо-Западный;23874
Отрадный;Самарская область;Приволжский;47709
Оха;Сахалинская область;Дальневосточный;23007
Оханск;Пермский край;Приволжский;7597
Очёр;Пермский край;Приволжский;15003
Павлово;Нижегородская область;Приволжский;60699
Павловск;Воронежская область;Центральный;25126
Павловский Посад;Московская область;Центральный;63771
Палласовка;Волгоградская область;Южный;15984
Партизанск;Приморский край;Дальневосточный;38648
Певек;Чукотский АО;Дальневосточный;4161
Пенза;Пензенская область;Приволжский;519592
Первомайск;Нижегородская область;Приволжский;14567
Первоуральск;Свердловская область;Уральский;149800
Перевоз;Нижегородская область;Приволжский;9201
Пересвет;Московская область;Центральный;14142
Переславль-Залесский;Ярославская область;Центральный;41923
Пермь;Пермский край;Приволжский;1000679
Пестово;Новгородская бласть;Северо-Западный;15911
Петров Вал;Волгоградская область;Южный;13264
Петровск;Саратовская область;Приволжский;31158
Петровск-Забайкальский;Забайкальский край;Сибирский;18555
Петрозаводск;Карелия;Северо-Западный;263540
Петропавловск-Камчатский;Камчатский край;Дальневосточный;179526
Петухово;Курганская область;Уральский;11291
Петушки;Владимирская область;Центральный;15167
Печора;Коми;Северо-Западный;43458
Печоры;Псковская область;Северо-Западный;12308
Пикалёво;Ленинградская область;Северо-Западный;21567
Пионерский;Калининградская область;Северо-Западный;11017
Питкяранта;Карелия;Северо-Западный;11484
Плавск;Тульская область;Центральный;16248
Пласт;Челябинская область;Уральский;17344
Плёс;Ивановская область;Центральный;2341
Поворино;Воронежская область;Центральный;17692
Подольск;Московская область;Центральный;187956
Подпорожье;Ленинградская область;Северо-Западный;18729
Покачи;Ханты-Мансийский АО - Югра;Уральский;17053
Покров;Владимирская область;Центральный;17762
Покровск;Якутия;Дальневосточный;9495
Полевской;Свердловская область;Уральский;64316
Полесск;Калининградская область;Северо-Западный;7580
Полысаево;Кемеровская область;Сибирский;27624
Полярные Зори;Мурманская область;Северо-Западный;15106
Полярный;Мурманская область;Северо-Западный;17304
Поронайск;Сахалинская область;Дальневосточный;16461
Порхов;Псковская область;Северо-Западный;10608
Похвистнево;Самарская область;Приволжский;28181
Почеп;Брянская область;Центральный;17933
Починок;Смоленская область;Центральный;8776
Пошехонье;Ярославская область;Центральный;6085
Правдинск;Калининградская область;Северо-Западный;4323
Приволжск;Ивановская область;Центральный;16749
Приморск;Калининградская область;Северо-Западный;1956
Приморск;Ленинградская область;Северо-Западный;6122
Приморско-Ахтарск;Краснодарский край;Южный;32253
Приозерск;Ленинградская область;Северо-Западный;18929
Прокопьевск;Кемеровская область;Сибирский;210150
Пролетарск;Ростовская область;Южный;20267
Протвино;Московская область;Центральный;37308
Прохладный;Кабардино-Балкария;Северо-Кавказский;59595
Псков;Псковская область;Северо-Западный;203974
Пугачёв;Саратовская область;Приволжский;41705
Пудож;Карелия;Северо-Западный;9698
Пустошка;Псковская область;Северо-Западный;4619
Пучеж;Ивановская область;Центральный;8583
Пушкино;Московская область;Центральный;102840
Пущино;Московская область;Центральный;20263
Пыталово;Псковская область;Северо-Западный;5826
Пыть-Ях;Ханты-Мансийский АО - Югра;Уральский;41453
Пятигорск;Ставропольский край;Северо-Кавказский;142397
Радужный;Владимирская область;Центральный;18212
Радужный;Ханты-Мансийский АО - Югра;Уральский;43394
Райчихинск;Амурская область;Дальневосточный;20499
Раменское;Московская область;Центральный;96355
Рассказово;Тамбовская область;Центральный;45484
Ревда;Свердловская область;Уральский;61713
Реж;Свердловская область;Уральский;38709
Реутов;Московская область;Центральный;87195
Ржев;Тверская область;Центральный;62026
Родники;Ивановская область;Центральный;26318
Рославль;Смоленская область;Центральный;54898
Россошь;Воронежская область;Центральный;62865
Ростов-на-Дону;Ростовская область;Южный;1091544
Ростов;Ярославская область;Центральный;31791
Рошаль;Московская область;Центральный;21265
Ртищево;Саратовская область;Приволжский;41295
Рубцовск;Алтайский край;Сибирский;146386
Рудня;Смоленская область;Центральный;10029
Руза;Московская область;Центральный;13495
Рузаевка;Мордовия;Приволжский;47529
Рыбинск;Ярославская область;Центральный;200771
Рыбное;Рязанская область;Центральный;18378
Рыльск;Курская область;Центральный;15667
Ряжск;Рязанская область;Центральный;21676
Рязань;Рязанская область;Центральный;525062
Саки;Крым;Южный;25146
Салават;Башкортостан;Приволжский;156085
Салаир;Кемеровская область;Сибирский;8263
Салехард;Ямало-Ненецкий АО;Уральский;42494
Сальск;Ростовская область;Южный;61312
Самара;Самарская область;Приволжский;1164900
Санкт-Петербург;Санкт-Петербург;Северо-Западный;4848742
Саранск;Мордовия;Приволжский;318841
Сарапул;Удмуртия;Приволжский;101390
Саратов;Саратовская область;Приволжский;836900
Саров;Нижегородская область;Приволжский;92073
Сасово;Рязанская область;Центральный;28117
Сатка;Челябинская область;Уральский;45465
Сафоново;Смоленская область;Центральный;46116
Саяногорск;Хакасия;Сибирский;49889
Саянск;Иркутская область;Сибирский;40786
Светлогорск;Калининградская область;Северо-Западный;10775
Светлоград;Ставропольский край;Северо-Кавказский;38520
Светлый;Калининградская область;Северо-Западный;21380
Светогорск;Ленинградская область;Северо-Западный;15973
Свирск;Иркутская область;Сибирский;13649
Свободный;Амурская область;Дальневосточный;58594
Себеж;Псковская область;Северо-Западный;6375
Севастополь;Севастополь;Южный;393304
Северо-Курильск;Сахалинская область;Дальневосточный;2381
Северобайкальск;Бурятия;Сибирский;23673
Северодвинск;Архангельская область;Северо-Западный;192265
Североморск;Мурманская область;Северо-Западный;50076
Североуральск;Свердловская область;Уральский;29279
Северск;Томская область;Сибирский;108466
Севск;Брянская область;Центральный;7282
Сегежа;Карелия;Северо-Западный;29660
Сельцо;Брянская область;Центральный;17933
Семёнов;Нижегородская область;Приволжский;24472
Семикаракорск;Ростовская область;Южный;23884
Семилуки;Воронежская область;Центральный;26025
Сенгилей;Ульяновская область;Приволжский;6959
Серафимович;Волгоградская область;Южный;9368
Сергач;Нижегородская область;Приволжский;21387
Сергиев Посад;Московская область;Центральный;110878
Сердобск;Пензенская область;Приволжский;35393
Серов;Свердловская область;Уральский;99381
Серпухов;Московская область;Центральный;126496
Сертолово;Ленинградская область;Северо-Западный;47854
Сибай;Башкортостан;Приволжский;62732
Сим;Челябинская область;Уральский;14465
Симферополь;Крым;Южный;332317
Сковородино;Амурская область;Дальневосточный;9561
Скопин;Рязанская область;Центральный;30374
Славгород;Алтайский край;Сибирский;30370
Славск;Калининградская область;Северо-Западный;4614
Славянск-на-Кубани;Краснодарский край;Южный;63768
Сланцы;Ленинградская область;Северо-Западный;33587
Слободской;Кировская область;Приволжский;33983
Слюдянка;Иркутская область;Сибирский;18542
Смоленск;Смоленская область;Центральный;326863
Снежинск;Челябинская область;Уральский;48896
Снежногорск;Мурманская область;Северо-Западный;12698
Собинка;Владимирская область;Центральный;19482
Советск;Калининградская область;Северо-Западный;41709
Советск;Кировская область;Приволжский;16592
Советск;Тульская область;Центральный;7537
Советская Гавань;Хабаровский край;Дальневосточный;27712
Советский;Ханты-Мансийский АО - Югра;Уральский;26434
Сокол;Вологодская область;Северо-Западный;38454
Солигалич;Костромская область;Центральный;6438
Соликамск;Пермский край;Приволжский;97239
Солнечногорск;Московская область;Центральный;52996
Соль-Илецк;Оренбургская область;Приволжский;26308
Сольвычегодск;Архангельская область;Северо-Западный;2460
Сольцы;Новгородская бласть;Северо-Западный;10317
Сорочинск;Оренбургская область;Приволжский;30136
Сорск;Хакасия;Сибирский;12140
Сортавала;Карелия;Северо-Западный;19215
Сосенский;Калужская область;Центральный;12394
Сосновка;Кировская область;Приволжский;11960
Сосновоборск;Красноярский край;Сибирский;33090
Сосновый Бор;Ленинградская область;Северо-Западный;65901
Сосногорск;Коми;Северо-Западный;27809
Сочи;Краснодарский край;Южный;343285
Спас-Деменск;Калужская область;Центральный;4904
Спас-Клепики;Рязанская область;Центральный;5917
Спасск;Пензенская область;Приволжский;7442
Спасск-Дальний;Приморский край;Дальневосточный;44166
Спасск-Рязанский;Рязанская область;Центральный;7745
Среднеколымск;Якутия;Дальневосточный;3525
Среднеуральск;Свердловская область;Уральский;20357
Сретенск;Забайкальский край;Сибирский;6850
Ставрополь;Ставропольский край;Северо-Кавказский;398266
Старая Купавна;Московская область;Центральный;21859
Старая Русса;Новгородская бласть;Северо-Западный;32235
Старица;Тверская область;Центральный;8610
Стародуб;Брянская область;Центральный;19010
Старый;Крым;Крым Южный;9277
Старый Оскол;Белгородская область;Центральный;221163
Стерлитамак;Башкортостан;Приволжский;273432
Стрежевой;Томская область;Сибирский;42216
Строитель;Белгородская область;Центральный;23933
Струнино;Владимирская область;Центральный;14372
Ступино;Московская область;Центральный;66942
Суворов;Тульская область;Центральный;18975
Судак;Крым;Южный;16492
Суджа;Курская область;Центральный;6036
Судогда;Владимирская область;Центральный;11848
Суздаль;Владимирская область;Центральный;10535
Сунжа;Ингушетия;Северо-Кавказский;64493
Суоярви;Карелия;Северо-Западный;9763
Сураж;Брянская область;Центральный;11640
Сургут;Ханты-Мансийский АО - Югра;Уральский;306703
Суровикино;Волгоградская область;Южный;20527
Сурск;Пензенская область;Приволжский;7032
Сусуман;Магаданская область;Дальневосточный;5865
Сухиничи;Калужская область;Центральный;16295
Сухой Лог;Свердловская область;Уральский;34836
Сызрань;Самарская область;Приволжский;178773
Сыктывкар;Коми;Северо-Западный;235006
Сысерть;Свердловская область;Уральский;20594
Сычёвка;Смоленская область;Центральный;8111
Сясьстрой;Ленинградская область;Северо-Западный;13747
Тавда;Свердловская область;Уральский;35421
Таганрог;Ростовская область;Южный;257692
Тайга;Кемеровская область;Сибирский;25330
Тайшет;Иркутская область;Сибирский;35481
Талдом;Московская область;Центральный;13819
Талица;Свердловская область;Уральский;18339
Тамбов;Тамбовская область;Центральный;280457
Тара;Омская область;Сибирский;26664
Тарко-Сале;Ямало-Ненецкий АО;Уральский;20372
Таруса;Калужская область;Центральный;9656
Татарск;Новосибирская область;Сибирский;26114
Таштагол;Кемеровская область;Сибирский;23114
Тверь;Тверская область;Центральный;403726
Теберда;Карачаево-Черкесия;Северо-Кавказский;9097
Тейково;Ивановская область;Центральный;34993
Темников;Мордовия;Приволжский;7247
Темрюк;Краснодарский край;Южный;38014
Терек;Кабардино-Балкария;Северо-Кавказский;19170
Тетюши;Татарстан;Приволжский;11596
Тимашёвск;Краснодарский край;Южный;53921
Тихвин;Ленинградская область;Северо-Западный;58843
Тихорецк;Краснодарский край;Южный;61825
Тобольск;Тюменская область;Уральский;99698
Тогучин;Новосибирская область;Сибирский;21531
Тольятти;Самарская область;Приволжский;719484
Томари;Сахалинская область;Дальневосточный;4537
Томмот;Якутия;Дальневосточный;8054
Томск;Томская область;Сибирский;522940
Топки;Кемеровская область;Сибирский;28642
Торжок;Тверская область;Центральный;47702
Торопец;Тверская область;Центральный;13018
Тосно;Ленинградская область;Северо-Западный;39127
Тотьма;Вологодская область;Северо-Западный;9784
Трёхгорный;Челябинская область;Уральский;33678
Троицк;Челябинская область;Уральский;78637
Трубчевск;Брянская область;Центральный;15014
Туапсе;Краснодарский край;Южный;63233
Туймазы;Башкортостан;Приволжский;66849
Тула;Тульская область;Центральный;501129
Тулун;Иркутская область;Сибирский;44603
Туран;Тыва;Сибирский;4988
Туринск;Свердловская область;Уральский;17990
Тутаев;Ярославская область;Центральный;41001
Тында;Амурская область;Дальневосточный;35574
Тырныауз;Кабардино-Балкария;Северо-Кавказский;21000
Тюкалинск;Омская область;Сибирский;12050
Тюмень;Тюменская область;Уральский;581758
Уварово;Тамбовская область;Центральный;26829
Углегорск;Сахалинская область;Дальневосточный;11880
Углич;Ярославская область;Центральный;34505
Удачный;Якутия;Дальневосточный;12611
Удомля;Тверская область;Центральный;31048
Ужур;Красноярский край;Сибирский;16079
Узловая;Тульская область;Центральный;55282
Улан-Удэ;Бурятия;Сибирский;431922
Ульяновск;Ульяновская область;Приволжский;613793
Унеча;Брянская область;Центральный;26196
Урай;Ханты-Мансийский АО - Югра;Уральский;39435
Урень;Нижегородская область;Приволжский;12311
Уржум;Кировская область;Приволжский;10213
Урус-Мартан;Чечня;Северо-Кавказский;49071
Урюпинск;Волгоградская область;Южный;41594
Усинск;Коми;Северо-Западный;41100
Усмань;Липецкая область;Центральный;18752
Усолье-Сибирское;Иркутская область;Сибирский;83364
Усолье;Пермский край;Приволжский;5694
Уссурийск;Приморский край;Дальневосточный;157946
Усть-Джегута;Карачаево-Черкесия;Северо-Кавказский;30602
Усть-Илимск;Иркутская область;Сибирский;86591
Усть-Катав;Челябинская область;Уральский;23586
Усть-Кут;Иркутская область;Сибирский;45061
Усть-Лабинск;Краснодарский край;Южный;43268
Устюжна;Вологодская область;Северо-Западный;9478
Уфа;Башкортостан;Приволжский;1062300
Ухта;Коми;Северо-Западный;99642
Учалы;Башкортостан;Приволжский;37771
Уяр;Красноярский край;Сибирский;12666
Фатеж;Курская область;Центральный;5404
Феодосия;Крым;Южный;69038
Фокино;Брянская область;Центральный;13874
Фокино;Приморский край;Дальневосточный;23683
Фролово;Волгоградская область;Южный;39489
Фрязино;Московская область;Центральный;55449
Фурманов;Ивановская область;Центральный;36149
Хабаровск;Хабаровский край;Дальневосточный;577668
Хадыженск;Краснодарский край;Южный;21580
Ханты-Мансийск;Ханты-Мансийский АО - Югра;Уральский;79410
Харабали;Астраханская область;Южный;18209
Харовск;Вологодская область;Северо-Западный;10078
Хасавюрт;Дагестан;Северо-Кавказский;133929
Хвалынск;Саратовская область;Приволжский;13199
Хилок;Забайкальский край;Сибирский;11530
Химки;Московская область;Центральный;207125
Холм;Новгородская бласть;Северо-Западный;3829
Холмск;Сахалинская область;Дальневосточный;30936
Хотьково;Московская область;Центральный;21612
Цивильск;Чувашия;Приволжский;13478
Цимлянск;Ростовская область;Южный;15029
Циолковский;Амурская область;Дальневосточный;6208
Чадан;Тыва;Сибирский;9037
Чайковский;Пермский край;Приволжский;82933
Чапаевск;Самарская область;Приволжский;72689
Чаплыгин;Липецкая область;Центральный;12656
Чебаркуль;Челябинская область;Уральский;43405
Чебоксары;Чувашия;Приволжский;447929
Чегем;Кабардино-Балкария;Северо-Кавказский;17988
Чекалин;Тульская область;Центральный;994
Челябинск;Челябинская область;Уральский;1130273
Чердынь;Пермский край;Приволжский;4920
Черемхово;Иркутская область;Сибирский;52650
Черепаново;Новосибирская область;Сибирский;19346
Череповец;Вологодская область;Северо-Западный;312311
Черкесск;Карачаево-Черкесия;Северо-Кавказский;121439
Чёрмоз;Пермский край;Приволжский;4017
Черноголовка;Московская область;Центральный;20986
Черногорск;Хакасия;Сибирский;72117
Чернушка;Пермский край;Приволжский;33275
Черняховск;Калининградская область;Северо-Западный;40464
Чехов;Московская область;Центральный;60677
Чистополь;Татарстан;Приволжский;60703
Чита;Забайкальский край;Сибирский;323964
Чкаловск;Нижегородская область;Приволжский;12371
Чудово;Новгородская бласть;Северо-Западный;16148
Чулым;Новосибирская область;Сибирский;11964
Чусовой;Пермский край;Приволжский;46740
Чухлома;Костромская область;Центральный;5209
Шадринск;Курганская область;Уральский;77744
Шали;Чечня;Северо-Кавказский;47715
Шарыпово;Красноярский край;Сибирский;38570
Шарья;Костромская область;Центральный;23668
Шатура;Московская область;Центральный;32836
Шахты;Ростовская область;Южный;240152
Шахунья;Нижегородская область;Приволжский;21337
Шацк;Рязанская область;Центральный;6562
Шебекино;Белгородская область;Центральный;44277
Шелехов;Иркутская область;Сибирский;47960
Шенкурск;Архангельская область;Северо-Западный;5702
Шилка;Забайкальский край;Сибирский;13947
Шимановск;Амурская область;Дальневосточный;19815
Шиханы;Саратовская область;Приволжский;6067
Шлиссельбург;Ленинградская область;Северо-Западный;13305
Шумерля;Чувашия;Приволжский;33412
Шумиха;Курганская область;Уральский;17821
Шуя;Ивановская область;Центральный;58528
Щёкино;Тульская область;Центральный;58154
Щёлкино;Крым;Южный;10620
Щёлково;Московская область;Центральный;110380
Щигры;Курская область;Центральный;17043
Щучье;Курганская область;Уральский;10971
Электрогорск;Московская область;Центральный;22120
Электросталь;Московская область;Центральный;155324
Электроугли;Московская область;Центральный;20120
Элиста;Калмыкия;Южный;103728
Энгельс;Саратовская область;Приволжский;202838
Эртиль;Воронежская область;Центральный;11387
Югорск;Ханты-Мансийский АО - Югра;Уральский;34066
Южа;Ивановская область;Центральный;14170
Южно-Сахалинск;Сахалинская область;Дальневосточный;181727
Южно-Сухокумск;Дагестан;Северо-Кавказский;10048
Южноуральск;Челябинская область;Уральский;37890
Юрга;Кемеровская область;Сибирский;81536
Юрьев-Польский;Владимирская область;Центральный;19588
Юрьевец;Ивановская область;Центральный;10205
Юрюзань;Челябинская область;Уральский;12568
Юхнов;Калужская область;Центральный;7056
Ядрин;Чувашия;Приволжский;9614
Якутск;Якутия;Дальневосточный;269486
Ялта;Крым;Южный;76746
Ялуторовск;Тюменская область;Уральский;36494
Янаул;Башкортостан;Приволжский;26988
Яранск;Кировская область;Приволжский;17252
Яровое;Алтайский край;Сибирский;18085
Ярославль;Ярославская область;Центральный;591486
Ярцево;Смоленская область;Центральный;47853
Ясногорск;Тульская область;Центральный;16804
Ясный;Оренбургская область;Приволжский;16082
Яхрома;Московская область;Центральный;13248
